"Feature","Gain","Cover","Frequency"
"f5",0.112521718054578,0.0512139165811861,0.0483712766506634
"f117",0.0670590201215118,0.00765507738491221,0.00170357751277683
"f6",0.0650893805487437,0.0781897392212666,0.0640648391926075
"f59",0.0598204133165811,0.00798977641854069,0.00175520107377007
"f374",0.0548283801429267,0.00849145411341785,0.0012389654638377
"f52",0.049027652779484,0.0143612233771699,0.00480099117237107
"f339",0.0465335022624494,0.00862478863204473,0.00232306024469568
"f15",0.0305810035223752,0.0267766015445341,0.0203396830313355
"f186",0.0237985955553771,0.00675801800021133,0.0034587785865469
"f42",0.0235654080442426,0.0196718185048696,0.0145062206390997
"f122",0.0220782899387561,0.00481259110291229,0.00180682463476331
"f41",0.0166010001394481,0.0162741441555784,0.0148675855660523
"f28",0.016356401117401,0.012001331128355,0.00433637912343193
"f344",0.0149207496237262,0.0137284658397907,0.00433637912343193
"f134",0.0141490454716028,0.0138265627940014,0.00185844819575654
"f76",0.012765251534268,0.00234396683083324,0.000929224097878272
"f18",0.0122563551179237,0.00583233233726139,0.00764028702699912
"f139",0.0116078667984783,0.0018951187684083,0.000929224097878272
"f54",0.0115201106518364,0.00416393706171425,0.00185844819575654
"f10",0.0113815680496623,0.0224838138594081,0.0298384182540912
"f414",0.0107685735693995,0.0139803283114471,0.00805327551494502
"f324",0.0106870231221458,0.00702589011806255,0.00113571834185122
"f7",0.0104883070357865,0.0182120706562061,0.0170357751277683
"f337",0.0102462818529939,0.0167747111694651,0.00325228434257395
"f32",0.00965301989812778,0.0201975521545768,0.0349491507924217
"f31",0.00940491327526724,0.0174409701643587,0.0412988487945899
"f181",0.0087219680643005,0.0170839493970957,0.00665943936812761
"f115",0.00851491715686582,0.00755023965937082,0.00314903722058748
"f45",0.00785575416247739,0.0128189268510242,0.0183263641525992
"f33",0.00748183243449023,0.01679890100944,0.0390790356718806
"f1",0.00733171772894872,0.0102076171572316,0.0212689071292138
"f71",0.0072024945757974,0.00650141674870951,0.00139383614681741
"f4",0.00678228952097934,0.0130965430417184,0.019152341128491
"f13",0.00667051208573354,0.00815899467026412,0.00634969800216819
"f12",0.00660608108483681,0.0146949871004906,0.01610655102989
"f20",0.00659477276002651,0.0130079374757112,0.0110474420525528
"f0",0.00610506895869886,0.00848947915038903,0.0179133756646533
"f22",0.00569797616882357,0.00739796510701241,0.0136802436632079
"f46",0.00561883896836952,0.0140986978651503,0.0188425997625316
"f11",0.00556782870072824,0.0107939322635645,0.0223013783490785
"f183",0.00549783182694341,0.00664733332810913,0.0056785917092561
"f30",0.00526245306446167,0.00587234702421707,0.009137370295803
"f19",0.00509448352991914,0.00478689206935616,0.0034587785865469
"f2",0.00495987544289,0.00793469430995423,0.0236952144958959
"f3",0.00477974629819368,0.00720120422957386,0.0136802436632079
"f328",0.00466474502391557,0.0116487920563166,0.0103763357596407
"f8",0.00416618574769391,0.00880655185898434,0.0177585049816736
"f182",0.00411306052828805,0.0138998539108571,0.00443962624541841
"f35",0.0039236144778884,0.0105852801224152,0.0195137060554437
"f16",0.0037881758154025,0.00562761189367581,0.00991172371070156
"f351",0.00349582488122433,0.0017138043395599,0.00258117804966187
"f329",0.00347603640280034,0.00338280869823082,0.000619482731918848
"f17",0.00345787056216721,0.0140104090977957,0.0253471684476795
"f184",0.00340164394639261,0.00915284735757741,0.00531722678230344
"f148",0.00320100474721932,0.00360145979685339,0.00180682463476331
"f431",0.00304642488110217,0.000985141274363947,0.00077435341489856
"f14",0.00292085793128481,0.00902657355177762,0.0185328583965722
"f165",0.00279455051218448,0.00176496810766866,0.000258117804966187
"f66",0.00268132320320281,0.00181570884900517,0.000154870682979712
"f9",0.00260918539946216,0.00966545712024491,0.0198750709823964
"f398",0.00245321070430804,0.00171150377791589,0.00103247121986475
"f332",0.00239596312745142,0.000910611955631624,0.000309741365959424
"f415",0.00235910697738733,0.00109591630322471,0.00392339063548604
"f24",0.00218893910653634,0.00303365164037973,0.00676268649011409
"f55",0.00214009066040326,0.00649720848089348,0.00258117804966187
"f417",0.00212197114451674,0.001823772286139,0.00361364926952661
"f326",0.00200618507453145,0.00165630412697221,0.000412988487945899
"f320",0.00195200256090897,0.00288508501510821,0.00232306024469568
"f409",0.00190323441100335,0.0031350146378424,0.00185844819575654
"f21",0.00187535091019234,0.0064320975578179,0.00753703990501265
"f43",0.00187209455300456,0.00786214176138591,0.0101698415156678
"f281",0.00186352847152757,0.00240238019668004,0.000154870682979712
"f44",0.00182927995053312,0.00682792427432029,0.00991172371070156
"f36",0.00176649883727819,0.00662302217436447,0.015435444736978
"f433",0.00155848219512606,0.00318002770353939,0.00247793092767539
"f378",0.00154497644233566,0.000750654485949566,0.0012389654638377
"f85",0.00150915969241941,0.00287500717225618,0.00113571834185122
"f129",0.00139764776155464,0.00161610432651812,0.000206494243972949
"f346",0.0013401533918813,0.00140767941297381,0.00165195395178359
"f56",0.00132347421228283,0.000225244175938585,0.000412988487945899
"f341",0.00115278150930265,0.00357731804238826,0.00191007175674978
"f309",0.0010781504350335,0.00129648803588382,0.00185844819575654
"f423",0.00106312050724697,0.00335759460546932,0.00397501419647927
"f23",0.00104738371832697,0.00199106963174656,0.00619482731918848
"f427",0.00102624337479766,0.00212957349981616,0.00542047390428992
"f336",0.00101768374245205,0.010898910788507,0.00247793092767539
"f106",0.000979162989826652,0.005852704879186,0.00144545970781064
"f412",0.000958173610471571,0.00201110541796057,0.000412988487945899
"f379",0.000950787992537456,0.00278424687255613,0.00129058902483093
"f81",0.000944867780754258,8.7322254501033e-05,0.000103247121986475
"f51",0.000938804053089423,0.00245406803398844,0.000412988487945899
"f25",0.000912185672024896,0.00245624178188609,0.00351040214754014
"f176",0.000895868097948445,0.00159002626600261,0.00366527283051985
"f405",0.000883387121219198,0.000958334545518977,0.00170357751277683
"f227",0.000842850878785162,0.00228208895115,0.000309741365959424
"f411",0.000829453398735841,0.00103851383307846,0.00154870682979712
"f413",0.000779928338803833,0.00249932184151867,0.00309741365959424
"f369",0.000769790849255747,0.00170350759763887,0.0012389654638377
"f304",0.000762419764575468,0.00148395905997606,5.16235609932373e-05
"f140",0.000730594027828432,0.00260702002632276,0.000309741365959424
"f47",0.000701501587380306,0.00191116078589399,0.000516235609932373
"f130",0.000697975002504005,0.00536375318732651,0.00227143668370244
"f372",0.000691918359800415,0.000714475404109173,0.00118734190284446
"f29",0.000689934207320366,0.00300308811322715,0.000825976975891797
"f77",0.00068550351780617,0.00256907443056699,0.000258117804966187
"f145",0.000635356934190554,0.00199042314878184,0.000206494243972949
"f207",0.000634800174319355,0.00172046638265402,0.000412988487945899
"f67",0.000630281422370193,0.00421064192021585,0.00113571834185122
"f371",0.000603133712951085,0.00133368539910763,0.000825976975891797
"f82",0.00059803767290968,0.00208820833288994,0.000258117804966187
"f364",0.000593765577527976,0.000750002738721524,0.00175520107377007
"f308",0.000592261612837974,0.000362891010153259,0.00247793092767539
"f347",0.000566281695781059,0.000750156659495452,0.00206494243972949
"f366",0.00055130426937402,0.00247416384851857,0.00252955448866863
"f432",0.000544933890053232,0.00133233240486207,0.00165195395178359
"f357",0.000539927592854268,0.00215904300305033,0.000877600536885034
"f114",0.000537563486619227,0.000568173237063791,0.000154870682979712
"f187",0.000521870660792079,0.000935973762050591,0.000619482731918848
"f368",0.000498173055000956,0.000642671873783751,0.000722729853905322
"f118",0.000480797505461615,0.00110345527830342,0.00170357751277683
"f68",0.000458797747049959,0.00536339364599854,0.00170357751277683
"f116",0.000425775242265892,0.000980727935991537,0.000309741365959424
"f404",0.000410810169124615,0.000686885557166324,0.000980847658871509
"f381",0.000399595402135887,0.000792549772049698,0.000258117804966187
"f179",0.000398646153578262,0.00122520268192596,0.00149708326880388
"f313",0.000395893600718017,0.00113468775975372,0.00103247121986475
"f83",0.000378535127751934,0.00183488758172148,0.00056785917092561
"f420",0.000370574833169625,0.00253328938276501,0.00330390790356719
"f253",0.000365068660163307,0.00136268049007381,0.000361364926952661
"f373",0.000358289578494781,0.00214870006132579,0.000619482731918848
"f358",0.000347993358564948,0.00113351901472453,0.00314903722058748
"f370",0.000337951902033229,0.00100423397173189,0.000258117804966187
"f58",0.000336598333812227,0.00099196485962815,0.00118734190284446
"f317",0.0003345890887611,0.00189440738571961,0.00077435341489856
"f421",0.000332184788995916,0.00100037888098518,0.00201331887873626
"f393",0.000331109305503795,0.00037528744671547,0.000309741365959424
"f248",0.000324586327017721,0.000716944815035049,0.00129058902483093
"f407",0.000309357202820799,0.000807789342948296,0.00149708326880388
"f389",0.000287464627156189,0.00188008246093091,0.000722729853905322
"f318",0.000287323404803673,0.000562469054181495,0.000929224097878272
"f340",0.000286466056368356,0.00113483657340651,0.00134221258582417
"f323",0.000283216239144807,0.0014900288341606,0.00113571834185122
"f34",0.000281290151555477,0.00172376856860943,0.00139383614681741
"f400",0.000274079250582329,0.00226470053939068,0.000516235609932373
"f403",0.000267449566221602,0.0011215331514161,0.0012389654638377
"f342",0.000267284681915183,0.000532659534536319,0.00144545970781064
"f63",0.000265804946884311,0.000926787072551234,0.0012389654638377
"f50",0.000262664129064537,0.00166518580348311,0.000825976975891797
"f397",0.000249896461195153,0.00086359925558217,0.000722729853905322
"f428",0.000244448829951946,0.000445307531054669,0.00237468380568892
"f354",0.000242255057993512,0.00072424147685863,0.00077435341489856
"f265",0.000238179297787859,0.00163645565424725,0.000361364926952661
"f361",0.000229024051825249,0.00103605982208709,0.00144545970781064
"f384",0.000226012239341484,0.00178651434460141,0.000877600536885034
"f173",0.000223656330769935,0.000886179173832835,0.000516235609932373
"f425",0.000212529331009454,0.00122006043951081,0.00361364926952661
"f263",0.000206805386277678,0.000337393786453095,5.16235609932373e-05
"f426",0.000201714455583325,0.00122992315470638,0.00314903722058748
"f37",0.000201317675045375,0.00213459120704669,0.000619482731918848
"f282",0.00019356495620263,0.000694220247399595,5.16235609932373e-05
"f89",0.000189092426813131,0.00225747341298564,0.00129058902483093
"f149",0.000185396257031123,0.00105383401791991,0.000619482731918848
"f84",0.000181243277560358,0.000255596307561684,0.000103247121986475
"f144",0.000180582979609678,0.000270859273003638,0.000206494243972949
"f111",0.000178019631547819,0.000638387431291703,0.000619482731918848
"f343",0.000160421416663954,0.000186170338552785,0.000619482731918848
"f48",0.00015931955758694,0.000471056182256911,0.000877600536885034
"f333",0.000155435874768126,0.00134906914796445,0.00356202570853337
"f316",0.000149904461587372,0.000483672146456873,0.000929224097878272
"f169",0.00014928793370977,0.0026177220379487,0.00077435341489856
"f394",0.000149130486341838,0.00340467691950841,0.000877600536885034
"f197",0.000147260056573061,0.000335152074558788,0.000671106292912085
"f167",0.000146995494582711,0.00020326791940619,0.000412988487945899
"f375",0.000144066498937606,0.000625093555689264,0.00077435341489856
"f212",0.000136026430416658,0.000881438665423346,0.000671106292912085
"f314",0.000134522091041205,0.00079456653490074,0.000877600536885034
"f93",0.000133668409981661,0.000130196418580739,0.000309741365959424
"f258",0.000126001471398865,0.000614905988303901,0.00191007175674978
"f416",0.000124788024182236,0.00238709827596156,0.00180682463476331
"f178",0.000119623961700413,0.0002137252410014,0.00077435341489856
"f352",0.000118384536292551,0.0012169083243457,0.00201331887873626
"f199",0.000117356955767568,0.000670901446577199,0.000154870682979712
"f395",0.000116194692854295,0.000607962346407455,0.00077435341489856
"f330",0.000115432480461085,0.000512769340560225,0.000309741365959424
"f315",0.000111930363680111,0.000644677283111652,0.000619482731918848
"f429",0.000111218381845474,0.000435837867758832,0.00237468380568892
"f418",0.000109147983587188,7.66339682631436e-05,0.000154870682979712
"f310",9.98325879797601e-05,0.000707363148644146,0.00170357751277683
"f185",9.60661817069452e-05,0.00073993526725395,0.00170357751277683
"f61",9.33578019904911e-05,0.000215251209511276,0.000258117804966187
"f146",8.98834857345316e-05,0.000638744772629032,0.000206494243972949
"f163",8.93750829946536e-05,0.00083815023524842,0.000154870682979712
"f174",8.72837591216634e-05,0.0019688992260399,0.00118734190284446
"f430",8.70578294720785e-05,0.000525585307480982,0.00154870682979712
"f125",8.60576804637117e-05,0.00043499644990891,0.000309741365959424
"f267",8.44021328007822e-05,0.000946305782393007,0.000361364926952661
"f132",8.18857793776972e-05,0.00147894166702991,0.000516235609932373
"f113",8.13328344856307e-05,0.000343033894607908,0.000619482731918848
"f322",8.02796220696033e-05,0.000690908318628475,0.00108409478085798
"f380",7.9647368757186e-05,0.00112071593346325,0.000929224097878272
"f156",7.67394747154056e-05,0.000272675306351263,0.000206494243972949
"f120",7.67072120272987e-05,0.00105098455861043,0.000722729853905322
"f387",7.62112306778091e-05,0.000328871336985789,0.000103247121986475
"f353",7.57997068350883e-05,0.000128945360508779,0.000206494243972949
"f410",7.47945904059766e-05,0.000421496285898125,0.00149708326880388
"f277",7.25289299345216e-05,0.000491301203295311,0.000103247121986475
"f246",7.23536339142215e-05,0.000621888208607696,0.000103247121986475
"f321",7.00705562463716e-05,0.000485472720941675,0.00139383614681741
"f112",7.00630341521007e-05,0.000158036337674287,0.000206494243972949
"f100",6.70575402275235e-05,0.00102709855305756,0.000258117804966187
"f152",6.40876754830552e-05,0.00163075563563295,0.00103247121986475
"f311",6.07049414344757e-05,0.00157527847158386,0.000877600536885034
"f269",6.04107225230154e-05,0.000213200327162491,0.000309741365959424
"f408",6.00099737255219e-05,0.001268149956409,0.0012389654638377
"f355",5.70547557759359e-05,0.000119059673089486,0.000103247121986475
"f70",5.63795555630208e-05,0.000706758779786027,0.000206494243972949
"f180",5.5864062184845e-05,3.96120199182751e-05,5.16235609932373e-05
"f57",5.50917162533156e-05,2.66359693033739e-05,0.000103247121986475
"f278",5.49722370110319e-05,8.95898162853974e-05,0.000154870682979712
"f319",5.4179726189804e-05,0.000516911608656958,0.00077435341489856
"f215",5.36503297105947e-05,0.000182154491346942,0.000309741365959424
"f345",5.15115570346488e-05,3.32926425542592e-05,0.000103247121986475
"f159",5.1171092855316e-05,0.000535289387636958,0.000206494243972949
"f388",5.03278973113328e-05,0.000411244722356374,0.00077435341489856
"f65",4.83471283544423e-05,0.00137094664063118,0.00056785917092561
"f289",4.59077727914301e-05,7.05446004119416e-05,0.000309741365959424
"f73",4.33937838606197e-05,0.000133147872992142,0.000825976975891797
"f204",4.30207050159387e-05,0.000975043317311747,0.000361364926952661
"f396",4.29666566397075e-05,7.04530159800324e-05,0.000103247121986475
"f383",3.93692902755802e-05,6.92540259901922e-05,0.000103247121986475
"f435",3.92765045331168e-05,0.000388243859467465,0.000258117804966187
"f53",3.85114876760807e-05,0.000189200550664937,5.16235609932373e-05
"f121",3.82594038466421e-05,0.000262065026478032,0.000980847658871509
"f276",3.80953909677484e-05,0.000131325475385871,0.000258117804966187
"f291",3.7684363867102e-05,0.000183100153396358,5.16235609932373e-05
"f91",3.64111401284916e-05,0.000161974095033685,0.000154870682979712
"f391",3.62712263365262e-05,0.000179916491936845,0.000103247121986475
"f359",3.60975454375998e-05,0.00127512761958933,0.00056785917092561
"f406",3.59253689575275e-05,0.00099774250648371,0.00103247121986475
"f90",3.55554351998095e-05,0.000377844660839337,0.000412988487945899
"f350",3.4515260134343e-05,0.000289247639438609,0.000361364926952661
"f390",3.34787354134925e-05,0.000572312362316747,0.000412988487945899
"f189",3.27591548443789e-05,0.000287251913998093,0.000361364926952661
"f334",3.06460452832645e-05,0.000826672569778567,0.000516235609932373
"f123",3.02807553543115e-05,0.00170773456537536,0.000206494243972949
"f26",3.02805169181157e-05,8.82911244874578e-05,0.000103247121986475
"f103",2.97489745131446e-05,0.00112806460935133,0.000309741365959424
"f153",2.85471141602192e-05,0.00102777945016163,0.000206494243972949
"f312",2.80815447797933e-05,0.000173449403370705,0.000258117804966187
"f194",2.71905399400345e-05,0.00053104030213739,0.000671106292912085
"f268",2.59029873214695e-05,0.000740202566117097,0.000309741365959424
"f288",2.35955863231262e-05,0.000750259509058021,0.000309741365959424
"f188",2.33437097060958e-05,0.000515219069426955,0.000412988487945899
"f109",2.29267486665539e-05,5.4648739893907e-05,0.000258117804966187
"f338",2.25316002811345e-05,0.00167764183622042,0.000722729853905322
"f377",2.16460198648293e-05,0.000250539609425559,0.00056785917092561
"f363",2.09930396345379e-05,0.000111096119459416,0.000206494243972949
"f386",2.01361439441401e-05,1.00293620314431e-05,0.000103247121986475
"f255",1.93823108800956e-05,0.000248728859984032,0.000206494243972949
"f164",1.90546001987097e-05,1.30352686666113e-05,5.16235609932373e-05
"f69",1.90542680911513e-05,9.09127570873459e-05,0.000309741365959424
"f208",1.89863989311446e-05,0.000186153956479603,0.000361364926952661
"f196",1.86834103931748e-05,6.9236563564462e-05,0.000154870682979712
"f331",1.85234338984521e-05,0.00015883009233407,0.000877600536885034
"f365",1.82922458791929e-05,0.000213252164442021,0.000309741365959424
"f206",1.79299406604761e-05,7.30289251136735e-05,0.000103247121986475
"f124",1.78646105621016e-05,0.000159966957141707,0.000154870682979712
"f266",1.65855763604826e-05,0.0001446303705843,5.16235609932373e-05
"f190",1.52365299116211e-05,6.43863649964987e-05,0.000103247121986475
"f285",1.49671268149395e-05,0.000791299863079994,0.000464612048939136
"f349",1.47083923187549e-05,0.000420205127103861,0.000361364926952661
"f360",1.35730201828691e-05,5.75420271419873e-05,0.000206494243972949
"f264",1.33824245066745e-05,5.81180072815617e-05,0.000103247121986475
"f86",1.32623647857952e-05,0.000312122218936045,0.000258117804966187
"f78",1.28943598065894e-05,0.000117389477514453,0.000258117804966187
"f283",1.28029677804607e-05,9.89949039630241e-05,5.16235609932373e-05
"f217",1.24119139689983e-05,0.000322403423423158,0.000206494243972949
"f94",1.16906742813559e-05,2.3134605623657e-05,5.16235609932373e-05
"f96",1.14132736372749e-05,6.32582510445001e-06,5.16235609932373e-05
"f126",1.13350949503278e-05,0.000168974917044079,0.000825976975891797
"f243",1.09848733373889e-05,0.000379971266080349,0.000154870682979712
"f385",1.09072077140416e-05,0.000492978264019717,0.000361364926952661
"f131",1.06771849097628e-05,8.16470987274241e-05,0.000464612048939136
"f272",1.05867203720504e-05,3.1884962827001e-05,0.000258117804966187
"f62",9.10095418276261e-06,0.00042029324458623,0.000258117804966187
"f241",9.06759653319719e-06,0.000676543401152731,0.000258117804966187
"f335",8.55636094423143e-06,0.000173258809538466,0.000258117804966187
"f325",8.47790550098568e-06,0.000672726260244623,0.000154870682979712
"f142",8.38952231256538e-06,1.81425739535695e-05,0.000103247121986475
"f261",7.83051219976929e-06,5.1644304011412e-05,0.000103247121986475
"f110",7.52992860307158e-06,5.88814531416794e-05,5.16235609932373e-05
"f177",6.54350954564384e-06,1.29497133385239e-05,5.16235609932373e-05
"f135",6.09988977822682e-06,0.000150596057711531,0.000464612048939136
"f228",5.7705551050731e-06,0.000156722648618704,0.000309741365959424
"f72",5.67649025176788e-06,9.68262828292822e-05,0.000154870682979712
"f195",5.6169518111662e-06,3.08936976233257e-05,0.000206494243972949
"f127",5.35014490145532e-06,3.30185350147137e-05,5.16235609932373e-05
"f198",5.22524975129656e-06,0.000404759896365673,5.16235609932373e-05
"f201",5.06548046898211e-06,1.46699869371764e-05,5.16235609932373e-05
"f302",4.89810996848058e-06,0.000388637461364858,0.000309741365959424
"f128",4.85857178306114e-06,0.00034330237203747,0.000309741365959424
"f49",4.70355703203114e-06,7.18049691585879e-05,0.000154870682979712
"f251",4.58854492026023e-06,0.00107086878118334,0.000154870682979712
"f161",4.54301425134355e-06,1.66868001228254e-05,5.16235609932373e-05
"f419",4.41800839866533e-06,8.63554396397961e-06,5.16235609932373e-05
"f362",4.4141444549573e-06,5.86433139759419e-05,0.000206494243972949
"f392",3.9779091132934e-06,5.99053425369574e-05,0.000258117804966187
"f209",3.95477086746342e-06,0.000806643697820859,0.000154870682979712
"f382",3.95059255698539e-06,2.55979371111041e-05,5.16235609932373e-05
"f216",3.87738341967784e-06,6.04250142106611e-06,0.000103247121986475
"f221",3.42466085374569e-06,0.000132021192962616,0.000154870682979712
"f257",2.74450102603253e-06,2.75080151480317e-05,0.000103247121986475
"f154",2.67121489370344e-06,0.000570006300696127,0.000206494243972949
"f200",2.49022887034788e-06,2.76140542059637e-05,0.000154870682979712
"f141",2.43844687983156e-06,1.71028598488102e-05,0.000103247121986475
"f202",2.26629133388958e-06,1.00768146756035e-05,0.000154870682979712
"f356",2.21854076012355e-06,6.24464103009257e-05,0.000103247121986475
"f119",2.04489126239252e-06,0.000186353114561132,0.000103247121986475
"f247",1.605299540976e-06,1.32459239090626e-05,5.16235609932373e-05
"f60",1.50195501349556e-06,7.17948089339434e-05,5.16235609932373e-05
"f262",1.36931867032944e-06,0.000105653568500083,0.000154870682979712
"f250",1.18099310541534e-06,6.18185683283543e-05,0.000103247121986475
"f249",1.0097540486008e-06,3.99544302923206e-05,5.16235609932373e-05
"f260",7.45593887107554e-07,4.44913272352033e-06,5.16235609932373e-05
"f218",7.01255088705863e-07,0.000215499808453956,0.000103247121986475
"f402",5.53697988533017e-07,0.000100669037914164,5.16235609932373e-05
"f98",4.89185119574983e-07,1.88707542828721e-06,5.16235609932373e-05
"f256",4.36237825374263e-07,1.84631559885338e-06,5.16235609932373e-05
"f434",1.851598986365e-07,1.34164778153732e-06,5.16235609932373e-05
